,model,sample,cdr1,cdr2,cdr3
0,rmsd_variable_parts/attn_out_test_pdbs,1dlf.pdb,3.129,3.755,3.792
1,rmsd_variable_parts/attn_out_test_pdbs,1fns.pdb,3.153,4.762,3.558
2,rmsd_variable_parts/attn_out_test_pdbs,1gig.pdb,3.808,3.879,3.609
3,rmsd_variable_parts/attn_out_test_pdbs,1jfq.pdb,3.352,4.243,3.523
4,rmsd_variable_parts/attn_out_test_pdbs,1jpt.pdb,3.272,4.126,3.231
5,rmsd_variable_parts/attn_out_test_pdbs,1mfa.pdb,3.454,4.024,2.928
6,rmsd_variable_parts/attn_out_test_pdbs,1mlb.pdb,3.454,4.027,3.258
7,rmsd_variable_parts/attn_out_test_pdbs,1mqk.pdb,3.098,4.101,3.241
8,rmsd_variable_parts/attn_out_test_pdbs,1nlb.pdb,3.404,3.913,3.427
9,rmsd_variable_parts/attn_out_test_pdbs,1oaq.pdb,3.366,4.052,3.799
10,rmsd_variable_parts/attn_out_test_pdbs,1seq.pdb,3.499,3.849,4.452
11,rmsd_variable_parts/attn_out_test_pdbs,2adf.pdb,3.426,3.978,3.515
12,rmsd_variable_parts/attn_out_test_pdbs,2d7t.pdb,3.789,3.937,3.727
13,rmsd_variable_parts/attn_out_test_pdbs,2e27.pdb,3.665,4.323,3.865
14,rmsd_variable_parts/attn_out_test_pdbs,2fb4.pdb,3.169,3.748,4.483
15,rmsd_variable_parts/attn_out_test_pdbs,2fbj.pdb,3.98,3.382,3.516
16,rmsd_variable_parts/attn_out_test_pdbs,2r8s.pdb,3.547,4.026,3.457
17,rmsd_variable_parts/attn_out_test_pdbs,2v17.pdb,3.271,4.092,3.432
18,rmsd_variable_parts/attn_out_test_pdbs,2xwt.pdb,3.901,4.163,3.872
19,rmsd_variable_parts/attn_out_test_pdbs,2ypv.pdb,3.601,4.069,3.983
20,rmsd_variable_parts/attn_out_test_pdbs,3e8u.pdb,3.749,3.783,3.33
21,rmsd_variable_parts/attn_out_test_pdbs,3eo9.pdb,3.519,4.228,3.594
22,rmsd_variable_parts/attn_out_test_pdbs,3g5y.pdb,3.673,3.785,3.262
23,rmsd_variable_parts/attn_out_test_pdbs,3giz.pdb,3.323,3.912,3.675
24,rmsd_variable_parts/attn_out_test_pdbs,3gnm.pdb,3.488,3.944,3.156
25,rmsd_variable_parts/attn_out_test_pdbs,3go1.pdb,3.654,3.897,3.447
26,rmsd_variable_parts/attn_out_test_pdbs,3hc4.pdb,3.565,4.803,3.32
27,rmsd_variable_parts/attn_out_test_pdbs,3hnt.pdb,3.578,4.713,3.382
28,rmsd_variable_parts/attn_out_test_pdbs,3i9g.pdb,3.398,3.914,3.429
29,rmsd_variable_parts/attn_out_test_pdbs,3liz.pdb,3.692,3.616,4.633
30,rmsd_variable_parts/attn_out_test_pdbs,3lmj.pdb,4.37,7.284,5.597
31,rmsd_variable_parts/attn_out_test_pdbs,3m8o.pdb,4.134,3.842,4.787
32,rmsd_variable_parts/attn_out_test_pdbs,3mlr.pdb,3.698,3.624,4.267
33,rmsd_variable_parts/attn_out_test_pdbs,3mxw.pdb,3.998,3.992,3.46
34,rmsd_variable_parts/attn_out_test_pdbs,3nps.pdb,3.981,4.241,3.358
35,rmsd_variable_parts/attn_out_test_pdbs,3oz9.pdb,3.417,4.241,3.375
36,rmsd_variable_parts/attn_out_test_pdbs,3p0y.pdb,3.872,4.116,3.335
37,rmsd_variable_parts/attn_out_test_pdbs,3t65.pdb,3.22,3.8,3.674
38,rmsd_variable_parts/attn_out_test_pdbs,3umt.pdb,3.748,3.833,3.678
39,rmsd_variable_parts/attn_out_test_pdbs,3v0w.pdb,3.375,3.725,3.614
40,rmsd_variable_parts/attn_out_test_pdbs,4f57.pdb,3.814,3.88,4.008
41,rmsd_variable_parts/attn_out_test_pdbs,4h0h.pdb,3.549,3.829,3.306
42,rmsd_variable_parts/attn_out_test_pdbs,4h20.pdb,3.502,4.076,3.245
43,rmsd_variable_parts/attn_out_test_pdbs,4hpy.pdb,3.431,3.805,3.596
44,rmsd_variable_parts/attn_out_test_pdbs,4nzu.pdb,3.555,3.915,4.048
45,rmsd_variable_parts/multi_attention_out_test_pdbs,1dlf.pdb,3.669,3.828,4.048
46,rmsd_variable_parts/multi_attention_out_test_pdbs,1fns.pdb,3.955,3.744,4.054
47,rmsd_variable_parts/multi_attention_out_test_pdbs,1gig.pdb,3.741,3.653,3.681
48,rmsd_variable_parts/multi_attention_out_test_pdbs,1jfq.pdb,4.057,3.881,3.964
49,rmsd_variable_parts/multi_attention_out_test_pdbs,1jpt.pdb,3.871,3.785,4.079
50,rmsd_variable_parts/multi_attention_out_test_pdbs,1mfa.pdb,3.799,3.853,3.811
51,rmsd_variable_parts/multi_attention_out_test_pdbs,1mlb.pdb,3.799,3.674,3.993
52,rmsd_variable_parts/multi_attention_out_test_pdbs,1mqk.pdb,3.804,3.655,3.854
53,rmsd_variable_parts/multi_attention_out_test_pdbs,1nlb.pdb,3.902,3.827,3.916
54,rmsd_variable_parts/multi_attention_out_test_pdbs,1oaq.pdb,3.909,3.721,3.767
55,rmsd_variable_parts/multi_attention_out_test_pdbs,1seq.pdb,3.871,3.719,4.111
56,rmsd_variable_parts/multi_attention_out_test_pdbs,2adf.pdb,4.018,3.781,4.143
57,rmsd_variable_parts/multi_attention_out_test_pdbs,2d7t.pdb,3.839,3.822,3.84
58,rmsd_variable_parts/multi_attention_out_test_pdbs,2e27.pdb,3.838,3.804,3.751
59,rmsd_variable_parts/multi_attention_out_test_pdbs,2fb4.pdb,3.938,3.836,4.051
60,rmsd_variable_parts/multi_attention_out_test_pdbs,2fbj.pdb,4.091,3.524,3.813
61,rmsd_variable_parts/multi_attention_out_test_pdbs,2r8s.pdb,3.776,3.859,3.81
62,rmsd_variable_parts/multi_attention_out_test_pdbs,2v17.pdb,3.963,3.95,3.861
63,rmsd_variable_parts/multi_attention_out_test_pdbs,2xwt.pdb,3.828,3.788,4.096
64,rmsd_variable_parts/multi_attention_out_test_pdbs,2ypv.pdb,3.996,3.873,4.106
65,rmsd_variable_parts/multi_attention_out_test_pdbs,3e8u.pdb,4.063,3.785,3.83
66,rmsd_variable_parts/multi_attention_out_test_pdbs,3eo9.pdb,3.88,3.962,3.663
67,rmsd_variable_parts/multi_attention_out_test_pdbs,3g5y.pdb,3.719,3.89,4.015
68,rmsd_variable_parts/multi_attention_out_test_pdbs,3giz.pdb,3.952,3.954,3.705
69,rmsd_variable_parts/multi_attention_out_test_pdbs,3gnm.pdb,3.906,3.913,3.994
70,rmsd_variable_parts/multi_attention_out_test_pdbs,3go1.pdb,3.986,3.805,3.946
71,rmsd_variable_parts/multi_attention_out_test_pdbs,3hc4.pdb,3.895,3.653,3.756
72,rmsd_variable_parts/multi_attention_out_test_pdbs,3hnt.pdb,3.973,3.881,4.045
73,rmsd_variable_parts/multi_attention_out_test_pdbs,3i9g.pdb,4.048,3.965,3.758
74,rmsd_variable_parts/multi_attention_out_test_pdbs,3liz.pdb,4.022,3.673,4.051
75,rmsd_variable_parts/multi_attention_out_test_pdbs,3lmj.pdb,3.623,4.168,4.078
76,rmsd_variable_parts/multi_attention_out_test_pdbs,3m8o.pdb,4.102,3.782,4.681
77,rmsd_variable_parts/multi_attention_out_test_pdbs,3mlr.pdb,3.914,3.919,3.968
78,rmsd_variable_parts/multi_attention_out_test_pdbs,3mxw.pdb,4.179,3.807,4.07
79,rmsd_variable_parts/multi_attention_out_test_pdbs,3nps.pdb,3.96,3.671,3.731
80,rmsd_variable_parts/multi_attention_out_test_pdbs,3oz9.pdb,3.817,3.627,3.716
81,rmsd_variable_parts/multi_attention_out_test_pdbs,3p0y.pdb,3.826,3.781,3.919
82,rmsd_variable_parts/multi_attention_out_test_pdbs,3t65.pdb,3.888,3.838,4.107
83,rmsd_variable_parts/multi_attention_out_test_pdbs,3umt.pdb,4.113,3.637,4.008
84,rmsd_variable_parts/multi_attention_out_test_pdbs,3v0w.pdb,4.001,3.766,4.114
85,rmsd_variable_parts/multi_attention_out_test_pdbs,4f57.pdb,3.929,3.441,3.788
86,rmsd_variable_parts/multi_attention_out_test_pdbs,4h0h.pdb,3.9,3.966,4.098
87,rmsd_variable_parts/multi_attention_out_test_pdbs,4h20.pdb,3.944,3.655,3.82
88,rmsd_variable_parts/multi_attention_out_test_pdbs,4hpy.pdb,3.884,3.736,3.846
89,rmsd_variable_parts/multi_attention_out_test_pdbs,4nzu.pdb,4.097,3.95,3.501
90,rmsd_variable_parts/original_out_test_pdbs,1dlf.pdb,3.779,3.557,3.736
91,rmsd_variable_parts/original_out_test_pdbs,1fns.pdb,3.828,3.763,4.162
92,rmsd_variable_parts/original_out_test_pdbs,1gig.pdb,3.669,3.552,4.067
93,rmsd_variable_parts/original_out_test_pdbs,1jfq.pdb,3.972,3.92,3.787
94,rmsd_variable_parts/original_out_test_pdbs,1jpt.pdb,3.885,3.721,3.711
95,rmsd_variable_parts/original_out_test_pdbs,1mfa.pdb,3.759,3.809,3.839
96,rmsd_variable_parts/original_out_test_pdbs,1mlb.pdb,3.661,3.796,3.818
97,rmsd_variable_parts/original_out_test_pdbs,1mqk.pdb,3.759,3.512,3.587
98,rmsd_variable_parts/original_out_test_pdbs,1nlb.pdb,3.842,3.741,3.51
99,rmsd_variable_parts/original_out_test_pdbs,1oaq.pdb,3.783,3.645,3.477
100,rmsd_variable_parts/original_out_test_pdbs,1seq.pdb,3.748,3.505,3.719
101,rmsd_variable_parts/original_out_test_pdbs,2adf.pdb,3.845,3.7,3.809
102,rmsd_variable_parts/original_out_test_pdbs,2d7t.pdb,3.609,3.649,3.666
103,rmsd_variable_parts/original_out_test_pdbs,2e27.pdb,3.876,3.842,3.676
104,rmsd_variable_parts/original_out_test_pdbs,2fb4.pdb,3.887,3.774,4.184
105,rmsd_variable_parts/original_out_test_pdbs,2fbj.pdb,3.855,3.369,3.694
106,rmsd_variable_parts/original_out_test_pdbs,2r8s.pdb,3.704,3.451,3.604
107,rmsd_variable_parts/original_out_test_pdbs,2v17.pdb,3.828,3.905,3.65
108,rmsd_variable_parts/original_out_test_pdbs,2xwt.pdb,3.892,3.56,3.876
109,rmsd_variable_parts/original_out_test_pdbs,2ypv.pdb,3.73,3.725,3.859
110,rmsd_variable_parts/original_out_test_pdbs,3e8u.pdb,3.743,3.737,3.788
111,rmsd_variable_parts/original_out_test_pdbs,3eo9.pdb,3.944,3.831,3.751
112,rmsd_variable_parts/original_out_test_pdbs,3g5y.pdb,3.541,3.99,3.704
113,rmsd_variable_parts/original_out_test_pdbs,3giz.pdb,3.919,3.785,3.963
114,rmsd_variable_parts/original_out_test_pdbs,3gnm.pdb,3.756,3.711,3.524
115,rmsd_variable_parts/original_out_test_pdbs,3go1.pdb,3.899,3.909,3.789
116,rmsd_variable_parts/original_out_test_pdbs,3hc4.pdb,3.741,3.748,3.668
117,rmsd_variable_parts/original_out_test_pdbs,3hnt.pdb,3.875,3.674,3.497
118,rmsd_variable_parts/original_out_test_pdbs,3i9g.pdb,3.838,3.708,3.914
119,rmsd_variable_parts/original_out_test_pdbs,3liz.pdb,3.785,3.797,3.9
120,rmsd_variable_parts/original_out_test_pdbs,3lmj.pdb,3.719,4.131,3.777
121,rmsd_variable_parts/original_out_test_pdbs,3m8o.pdb,3.864,3.837,4.083
122,rmsd_variable_parts/original_out_test_pdbs,3mlr.pdb,3.812,3.762,3.622
123,rmsd_variable_parts/original_out_test_pdbs,3mxw.pdb,3.925,3.806,3.661
124,rmsd_variable_parts/original_out_test_pdbs,3nps.pdb,3.826,3.502,4.015
125,rmsd_variable_parts/original_out_test_pdbs,3oz9.pdb,3.66,3.716,3.567
126,rmsd_variable_parts/original_out_test_pdbs,3p0y.pdb,3.866,3.637,3.767
127,rmsd_variable_parts/original_out_test_pdbs,3t65.pdb,3.801,3.815,3.998
128,rmsd_variable_parts/original_out_test_pdbs,3umt.pdb,3.755,3.612,3.682
129,rmsd_variable_parts/original_out_test_pdbs,3v0w.pdb,3.905,3.691,3.883
130,rmsd_variable_parts/original_out_test_pdbs,4f57.pdb,3.93,3.316,3.925
131,rmsd_variable_parts/original_out_test_pdbs,4h0h.pdb,3.733,3.778,3.817
132,rmsd_variable_parts/original_out_test_pdbs,4h20.pdb,3.718,3.741,3.527
133,rmsd_variable_parts/original_out_test_pdbs,4hpy.pdb,3.324,3.635,3.722
134,rmsd_variable_parts/original_out_test_pdbs,4nzu.pdb,3.833,3.851,3.572
